{"cameraMode":{"drawMode":0,"name":"Shaded","section":"Shading Mode"},"sceneLighting":false,"audioPlay":false,"sceneViewState":{"m_AlwaysRefresh":true,"showFog":true,"showSkybox":false,"showFlares":true,"showImageEffects":true,"showParticleSystems":true,"showVisualEffectGraphs":true,"m_FxEnabled":true},"in2DMode":false,"pivot":{"x":0.03156626224517822,"y":0.40341126918792727,"z":4.916210174560547},"rotation":{"x":0.15785099565982819,"y":-0.7476999759674072,"z":0.19153253734111787,"w":0.6159638166427612},"size":1.0672308206558228,"orthographic":false}