{"cameraMode":{"drawMode":0,"name":"Shaded","section":"Shading Mode"},"sceneLighting":false,"audioPlay":false,"sceneViewState":{"m_AlwaysRefresh":true,"showFog":true,"showSkybox":false,"showFlares":true,"showImageEffects":true,"showParticleSystems":true,"showVisualEffectGraphs":true,"m_FxEnabled":true},"in2DMode":false,"pivot":{"x":0.3146134614944458,"y":-0.38435524702072146,"z":-1.5469675064086915},"rotation":{"x":0.019348066300153734,"y":0.9790084958076477,"z":-0.1693779081106186,"w":0.1120859906077385},"size":2.84230375289917,"orthographic":false}