{"cameraMode":{"drawMode":0,"name":"Shaded","section":"Shading Mode"},"sceneLighting":false,"audioPlay":false,"sceneViewState":{"m_AlwaysRefresh":true,"showFog":true,"showSkybox":false,"showFlares":true,"showImageEffects":true,"showParticleSystems":true,"showVisualEffectGraphs":true,"m_FxEnabled":true},"in2DMode":false,"pivot":{"x":10.36902904510498,"y":1.1117136478424073,"z":10.989326477050782},"rotation":{"x":0.05223652720451355,"y":0.6724843978881836,"z":-0.047721028327941897,"w":0.7367777824401856},"size":4.208990573883057,"orthographic":false}