{"cameraMode":{"drawMode":0,"name":"Shaded","section":"Shading Mode"},"sceneLighting":false,"audioPlay":false,"sceneViewState":{"m_AlwaysRefresh":true,"showFog":true,"showSkybox":false,"showFlares":true,"showImageEffects":true,"showParticleSystems":true,"showVisualEffectGraphs":true,"m_FxEnabled":true},"in2DMode":false,"pivot":{"x":-0.002854012418538332,"y":9.998157501220704,"z":0.0017215438419952989},"rotation":{"x":0.46255776286125185,"y":0.28646132349967959,"z":-0.16100195050239564,"w":0.8234959840774536},"size":0.00276313372887671,"orthographic":false}