{"cameraMode":{"drawMode":0,"name":"Shaded","section":"Shading Mode"},"sceneLighting":false,"audioPlay":false,"sceneViewState":{"m_AlwaysRefresh":true,"showFog":true,"showSkybox":false,"showFlares":true,"showImageEffects":true,"showParticleSystems":true,"showVisualEffectGraphs":true,"m_FxEnabled":true},"in2DMode":false,"pivot":{"x":-0.21450340747833253,"y":0.02077406644821167,"z":0.12360690534114838},"rotation":{"x":0.21759623289108277,"y":0.2880425453186035,"z":-0.06741870194673538,"w":0.9301695823669434},"size":4.945170879364014,"orthographic":false}