{"cameraMode":{"drawMode":0,"name":"Shaded","section":"Shading Mode"},"sceneLighting":false,"audioPlay":false,"sceneViewState":{"m_AlwaysRefresh":true,"showFog":true,"showSkybox":false,"showFlares":true,"showImageEffects":true,"showParticleSystems":true,"showVisualEffectGraphs":true,"m_FxEnabled":true},"in2DMode":false,"pivot":{"x":-0.2977946996688843,"y":-0.20980095863342286,"z":0.8806405067443848},"rotation":{"x":-0.2683708071708679,"y":-0.02687472105026245,"z":0.0074901278130710129,"w":-0.9629132747650147},"size":3.3520078659057619,"orthographic":false}