{"cameraMode":{"drawMode":0,"name":"Shaded","section":"Shading Mode"},"sceneLighting":false,"audioPlay":false,"sceneViewState":{"m_AlwaysRefresh":true,"showFog":true,"showSkybox":false,"showFlares":true,"showImageEffects":true,"showParticleSystems":true,"showVisualEffectGraphs":true,"m_FxEnabled":true},"in2DMode":false,"pivot":{"x":-2.592378616333008,"y":-0.08762264251708985,"z":9.564777374267579},"rotation":{"x":0.26087430119514468,"y":0.6782466173171997,"z":-0.28266504406929018,"w":0.6261897683143616},"size":10.383872985839844,"orthographic":false}