{"cameraMode":{"drawMode":0,"name":"Shaded","section":"Shading Mode"},"sceneLighting":false,"audioPlay":false,"sceneViewState":{"m_AlwaysRefresh":true,"showFog":true,"showSkybox":false,"showFlares":true,"showImageEffects":true,"showParticleSystems":true,"showVisualEffectGraphs":true,"m_FxEnabled":true},"in2DMode":false,"pivot":{"x":-0.4952881336212158,"y":1.7877193689346314,"z":0.0012679845094680787},"rotation":{"x":0.16417236626148225,"y":0.7642312049865723,"z":-0.2142668515443802,"w":0.5858105421066284},"size":2.0913925170898439,"orthographic":false}