{"cameraMode":{"drawMode":0,"name":"Shaded","section":"Shading Mode"},"sceneLighting":false,"audioPlay":false,"sceneViewState":{"m_AlwaysRefresh":true,"showFog":true,"showSkybox":false,"showFlares":true,"showImageEffects":true,"showParticleSystems":true,"showVisualEffectGraphs":true,"m_FxEnabled":true},"in2DMode":false,"pivot":{"x":4.247020244598389,"y":3.443563461303711,"z":-4.259864330291748},"rotation":{"x":-0.00005801181760034524,"y":0.9902847409248352,"z":-0.1393602192401886,"w":-0.000007049580290185986},"size":11.057069778442383,"orthographic":false}