{"cameraMode":{"drawMode":0,"name":"Shaded","section":"Shading Mode"},"sceneLighting":false,"audioPlay":false,"sceneViewState":{"m_AlwaysRefresh":true,"showFog":true,"showSkybox":false,"showFlares":true,"showImageEffects":true,"showParticleSystems":true,"showVisualEffectGraphs":true,"m_FxEnabled":true},"in2DMode":false,"pivot":{"x":0.00039970874786376953,"y":0.07835954427719116,"z":0.0001850128173828125},"rotation":{"x":0.16417236626148225,"y":0.7642312049865723,"z":-0.2142668515443802,"w":0.5858105421066284},"size":0.9637842774391174,"orthographic":false}