{"cameraMode":{"drawMode":0,"name":"Shaded","section":"Shading Mode"},"sceneLighting":false,"audioPlay":false,"sceneViewState":{"m_AlwaysRefresh":true,"showFog":true,"showSkybox":false,"showFlares":true,"showImageEffects":true,"showParticleSystems":true,"showVisualEffectGraphs":true,"m_FxEnabled":true},"in2DMode":false,"pivot":{"x":-0.014781614765524865,"y":9.999393463134766,"z":-0.008128632791340351},"rotation":{"x":0.5617238879203796,"y":0.4226588010787964,"z":-0.40733832120895388,"w":0.5830862522125244},"size":0.9220456480979919,"orthographic":false}