{"cameraMode":{"drawMode":0,"name":"Shaded","section":"Shading Mode"},"sceneLighting":false,"audioPlay":false,"sceneViewState":{"m_AlwaysRefresh":true,"showFog":true,"showSkybox":false,"showFlares":true,"showImageEffects":true,"showParticleSystems":true,"showVisualEffectGraphs":true,"m_FxEnabled":true},"in2DMode":false,"pivot":{"x":6.411706924438477,"y":1.373589038848877,"z":-0.5607500076293945},"rotation":{"x":0.26087430119514468,"y":0.6782466173171997,"z":-0.28266504406929018,"w":0.6261897683143616},"size":0.09542271494865418,"orthographic":false}