{"cameraMode":{"drawMode":0,"name":"Shaded","section":"Shading Mode"},"sceneLighting":false,"audioPlay":false,"sceneViewState":{"m_AlwaysRefresh":true,"showFog":true,"showSkybox":false,"showFlares":true,"showImageEffects":true,"showParticleSystems":true,"showVisualEffectGraphs":true,"m_FxEnabled":true},"in2DMode":false,"pivot":{"x":3.7750895023345949,"y":-0.512678861618042,"z":3.680727005004883},"rotation":{"x":0.0005505535518750548,"y":-0.9900610446929932,"z":0.14084401726722718,"w":0.0035635593812912704},"size":4.415136337280273,"orthographic":false}