{"cameraMode":{"drawMode":0,"name":"Shaded","section":"Shading Mode"},"sceneLighting":false,"audioPlay":false,"sceneViewState":{"m_AlwaysRefresh":true,"showFog":true,"showSkybox":false,"showFlares":true,"showImageEffects":true,"showParticleSystems":true,"showVisualEffectGraphs":true,"m_FxEnabled":true},"in2DMode":false,"pivot":{"x":4.458106994628906,"y":-1.1641005277633668,"z":4.146203517913818},"rotation":{"x":-0.01534335222095251,"y":-0.9672306180000305,"z":0.24626648426055909,"w":-0.06043912097811699},"size":2.7206013202667238,"orthographic":false}