{"cameraMode":{"drawMode":0,"name":"Shaded","section":"Shading Mode"},"sceneLighting":false,"audioPlay":false,"sceneViewState":{"m_AlwaysRefresh":true,"showFog":true,"showSkybox":false,"showFlares":true,"showImageEffects":true,"showParticleSystems":true,"showVisualEffectGraphs":true,"m_FxEnabled":true},"in2DMode":false,"pivot":{"x":0.5774993896484375,"y":-1.6468706130981446,"z":-1.6823968887329102},"rotation":{"x":0.03789558261632919,"y":0.9616356492042542,"z":-0.20679479837417603,"w":0.17647531628608704},"size":5.967225074768066,"orthographic":false}