{"cameraMode":{"drawMode":0,"name":"Shaded","section":"Shading Mode"},"sceneLighting":false,"audioPlay":false,"sceneViewState":{"m_AlwaysRefresh":true,"showFog":true,"showSkybox":true,"showFlares":true,"showImageEffects":true,"showParticleSystems":true,"showVisualEffectGraphs":true,"m_FxEnabled":true},"in2DMode":false,"pivot":{"x":-3.21168851852417,"y":-9.417524337768555,"z":31.932071685791017},"rotation":{"x":-0.20069506764411927,"y":0.08393201231956482,"z":-0.017211738973855974,"w":-0.9759517908096314},"size":22.268165588378908,"orthographic":false}