{"cameraMode":{"drawMode":0,"name":"Shaded","section":"Shading Mode"},"sceneLighting":true,"audioPlay":false,"sceneViewState":{"m_AlwaysRefresh":true,"showFog":true,"showSkybox":true,"showFlares":true,"showImageEffects":true,"showParticleSystems":true,"showVisualEffectGraphs":true,"m_FxEnabled":true},"in2DMode":false,"pivot":{"x":-0.14528274536132813,"y":-0.2686443328857422,"z":1.5785646438598633},"rotation":{"x":-0.48165038228034975,"y":-0.2547367215156555,"z":0.14867687225341798,"w":-0.8252400755882263},"size":19.952251434326173,"orthographic":false}