{"cameraMode":{"drawMode":0,"name":"Shaded","section":"Shading Mode"},"sceneLighting":true,"audioPlay":false,"sceneViewState":{"m_AlwaysRefresh":true,"showFog":true,"showSkybox":true,"showFlares":true,"showImageEffects":true,"showParticleSystems":true,"showVisualEffectGraphs":true,"m_FxEnabled":true},"in2DMode":false,"pivot":{"x":18.837434768676759,"y":-3.799774169921875,"z":-0.7122058868408203},"rotation":{"x":-0.27803850173950198,"y":0.059601154178380969,"z":-0.01728767342865467,"w":-0.958565890789032},"size":17.486175537109376,"orthographic":false}