{"cameraMode":{"drawMode":0,"name":"Shaded","section":"Shading Mode"},"sceneLighting":true,"audioPlay":false,"sceneViewState":{"m_AlwaysRefresh":true,"showFog":true,"showSkybox":true,"showFlares":true,"showImageEffects":true,"showParticleSystems":true,"showVisualEffectGraphs":true,"m_FxEnabled":true},"in2DMode":false,"pivot":{"x":3.2332797050476076,"y":0.7735652923583984,"z":-7.085361480712891},"rotation":{"x":0.02441367693245411,"y":0.9689701795578003,"z":-0.10684013366699219,"w":0.22176039218902589},"size":29.747358322143556,"orthographic":false}