{"cameraMode":{"drawMode":0,"name":"Shaded","section":"Shading Mode"},"sceneLighting":true,"audioPlay":false,"sceneViewState":{"m_AlwaysRefresh":true,"showFog":true,"showSkybox":true,"showFlares":true,"showImageEffects":true,"showParticleSystems":true,"showVisualEffectGraphs":true,"m_FxEnabled":true},"in2DMode":false,"pivot":{"x":-179.29852294921876,"y":-165.80209350585938,"z":208.0438232421875},"rotation":{"x":-0.26454997062683108,"y":0.33976683020591738,"z":-0.10021111369132996,"w":-0.8969569802284241},"size":181.24810791015626,"orthographic":false}