{"cameraMode":{"drawMode":0,"name":"Shaded","section":"Shading Mode"},"sceneLighting":false,"audioPlay":false,"sceneViewState":{"m_AlwaysRefresh":true,"showFog":true,"showSkybox":false,"showFlares":true,"showImageEffects":true,"showParticleSystems":true,"showVisualEffectGraphs":true,"m_FxEnabled":true},"in2DMode":false,"pivot":{"x":-0.1282946765422821,"y":-0.10894732177257538,"z":0.26542365550994875},"rotation":{"x":-0.07823038846254349,"y":0.0035868233535438778,"z":-0.0002786648110486567,"w":-0.9969426393508911},"size":0.8660253882408142,"orthographic":false}