{"cameraMode":{"drawMode":0,"name":"Shaded","section":"Shading Mode"},"sceneLighting":false,"audioPlay":false,"sceneViewState":{"m_AlwaysRefresh":true,"showFog":true,"showSkybox":false,"showFlares":true,"showImageEffects":true,"showParticleSystems":true,"showVisualEffectGraphs":true,"m_FxEnabled":true},"in2DMode":false,"pivot":{"x":-0.09064304828643799,"y":-0.26309823989868166,"z":0.2708563804626465},"rotation":{"x":-0.09912420809268952,"y":-0.021792728453874589,"z":0.0021736053749918939,"w":-0.9948479533195496},"size":1.3504985570907593,"orthographic":false}